,index,callingcellid,date_key,call_date,caller,year_month,time,day_of_week,is_weekend,hour,time_of_day,is_home_time,latitude,longitude,provName
0,83,4.12203011463e+14,20161205,12/5/2016 5:50:54 PM,+2P93uqI8OeRkAO1cjPnxw==,201612,2016-12-05 17:50:54,0,False,17,17.8333333333,True,34.5011,70.3906,Nangarhar
1,99,4.1220301113e+14,20161202,12/2/2016 11:22:09 AM,+2P93uqI8OeRkAO1cjPnxw==,201612,2016-12-02 11:22:09,4,True,11,11.3666666667,True,34.4407,70.398,Nangarhar
2,172,4.1220301113e+14,20161213,12/13/2016 7:12:06 PM,+2P93uqI8OeRkAO1cjPnxw==,201612,2016-12-13 19:12:06,1,False,19,19.2,True,34.4407,70.398,Nangarhar
3,175,4.1220301113e+14,20161203,12/3/2016 2:30:12 PM,+2P93uqI8OeRkAO1cjPnxw==,201612,2016-12-03 14:30:12,5,False,14,14.5,False,34.4251,70.4497,Nangarhar
4,332,4.1220301113e+14,20161201,12/1/2016 11:33:11 AM,+2P93uqI8OeRkAO1cjPnxw==,201612,2016-12-01 11:33:11,3,False,11,11.55,False,34.4202,70.4383,Nangarhar
5,618,4.1220301113e+14,20161202,12/2/2016 4:30:14 PM,+2P93uqI8OeRkAO1cjPnxw==,201612,2016-12-02 16:30:14,4,True,16,16.5,True,34.4202,70.4383,Nangarhar
6,720,4.12203011463e+14,20161205,12/5/2016 6:32:02 PM,+2P93uqI8OeRkAO1cjPnxw==,201612,2016-12-05 18:32:02,0,False,18,18.5333333333,True,34.5011,70.3906,Nangarhar
7,855,4.1220301113e+14,20161204,12/4/2016 12:11:26 PM,+2P93uqI8OeRkAO1cjPnxw==,201612,2016-12-04 12:11:26,6,False,12,12.1833333333,False,34.4202,70.4383,Nangarhar
8,925,4.1220301113e+14,20161201,12/1/2016 2:25:36 PM,+2P93uqI8OeRkAO1cjPnxw==,201612,2016-12-01 14:25:36,3,False,14,14.4166666667,False,34.4407,70.398,Nangarhar
9,936,4.1220301113e+14,20161205,12/5/2016 5:54:09 PM,+2P93uqI8OeRkAO1cjPnxw==,201612,2016-12-05 17:54:09,0,False,17,17.9,True,34.4245,70.4245,Nangarhar
10,1161,4.1220301113e+14,20161201,12/1/2016 11:58:04 AM,+2P93uqI8OeRkAO1cjPnxw==,201612,2016-12-01 11:58:04,3,False,11,11.9666666667,False,34.4202,70.4383,Nangarhar
11,1203,4.12203011131e+14,20161201,12/1/2016 12:38:08 PM,+2P93uqI8OeRkAO1cjPnxw==,201612,2016-12-01 12:38:08,3,False,12,12.6333333333,False,34.4265,70.4613,Nangarhar
12,1234,4.12203011463e+14,20161203,12/3/2016 8:49:16 AM,+2P93uqI8OeRkAO1cjPnxw==,201612,2016-12-03 08:49:16,5,False,8,8.81666666667,False,34.5011,70.3906,Nangarhar
13,1391,4.12203011463e+14,20161203,12/3/2016 8:30:42 AM,+2P93uqI8OeRkAO1cjPnxw==,201612,2016-12-03 08:30:42,5,False,8,8.5,False,34.5011,70.3906,Nangarhar
14,1445,4.12203011463e+14,20161202,12/2/2016 12:30:45 PM,+2P93uqI8OeRkAO1cjPnxw==,201612,2016-12-02 12:30:45,4,True,12,12.5,True,34.5011,70.3906,Nangarhar
15,1591,4.12203011463e+14,20161202,12/2/2016 12:34:03 PM,+2P93uqI8OeRkAO1cjPnxw==,201612,2016-12-02 12:34:03,4,True,12,12.5666666667,True,34.5011,70.3906,Nangarhar
16,1817,4.1220301113e+14,20161204,12/4/2016 5:50:20 PM,+2P93uqI8OeRkAO1cjPnxw==,201612,2016-12-04 17:50:20,6,False,17,17.8333333333,True,34.4407,70.398,Nangarhar
17,1824,4.1220301113e+14,20161206,12/6/2016 2:56:30 PM,+2P93uqI8OeRkAO1cjPnxw==,201612,2016-12-06 14:56:30,1,False,14,14.9333333333,False,34.4202,70.4383,Nangarhar
18,1837,4.1220301113e+14,20161206,12/6/2016 12:33:01 PM,+2P93uqI8OeRkAO1cjPnxw==,201612,2016-12-06 12:33:01,1,False,12,12.55,False,34.4202,70.4383,Nangarhar
19,1901,4.12203011463e+14,20161203,12/3/2016 7:23:09 AM,+2P93uqI8OeRkAO1cjPnxw==,201612,2016-12-03 07:23:09,5,False,7,7.38333333333,True,34.5011,70.3906,Nangarhar
20,1924,4.12203011463e+14,20161209,12/9/2016 6:37:15 PM,+2P93uqI8OeRkAO1cjPnxw==,201612,2016-12-09 18:37:15,4,True,18,18.6166666667,True,34.5011,70.3906,Nangarhar
21,1961,4.1220301113e+14,20161209,12/9/2016 7:18:45 PM,+2P93uqI8OeRkAO1cjPnxw==,201612,2016-12-09 19:18:45,4,True,19,19.3,True,34.4245,70.4245,Nangarhar
22,2189,4.1220301113e+14,20161217,12/17/2016 5:38:15 PM,+2P93uqI8OeRkAO1cjPnxw==,201612,2016-12-17 17:38:15,5,False,17,17.6333333333,True,34.4407,70.398,Nangarhar
23,2258,4.1220101091e+14,20161223,12/23/2016 10:52:31 AM,+2P93uqI8OeRkAO1cjPnxw==,201612,2016-12-23 10:52:31,4,True,10,10.8666666667,True,34.531,69.1585,Kabul
24,2460,4.1220301113e+14,20161215,12/15/2016 5:33:51 PM,+2P93uqI8OeRkAO1cjPnxw==,201612,2016-12-15 17:33:51,3,False,17,17.55,True,34.4407,70.398,Nangarhar
25,2555,4.12203011463e+14,20161216,12/16/2016 10:17:28 AM,+2P93uqI8OeRkAO1cjPnxw==,201612,2016-12-16 10:17:28,4,True,10,10.2833333333,True,34.5011,70.3906,Nangarhar
26,2858,4.12203011463e+14,20161202,12/2/2016 7:26:50 AM,+2P93uqI8OeRkAO1cjPnxw==,201612,2016-12-02 07:26:50,4,True,7,7.43333333333,True,34.5011,70.3906,Nangarhar
27,2880,4.1220301113e+14,20161211,12/11/2016 5:58:21 PM,+2P93uqI8OeRkAO1cjPnxw==,201612,2016-12-11 17:58:21,6,False,17,17.9666666667,True,34.4407,70.398,Nangarhar
28,2912,4.12203011463e+14,20161210,12/10/2016 6:25:24 PM,+2P93uqI8OeRkAO1cjPnxw==,201612,2016-12-10 18:25:24,5,False,18,18.4166666667,True,34.5011,70.3906,Nangarhar
29,3116,4.1220301113e+14,20161205,12/5/2016 3:27:08 PM,+2P93uqI8OeRkAO1cjPnxw==,201612,2016-12-05 15:27:08,0,False,15,15.45,False,34.4251,70.4497,Nangarhar
30,3218,4.12203011463e+14,20161201,12/1/2016 4:16:04 PM,+2P93uqI8OeRkAO1cjPnxw==,201612,2016-12-01 16:16:04,3,False,16,16.2666666667,True,34.5011,70.3906,Nangarhar
31,3522,4.1220301113e+14,20161206,12/6/2016 3:42:22 PM,+2P93uqI8OeRkAO1cjPnxw==,201612,2016-12-06 15:42:22,1,False,15,15.7,False,34.4203,70.4599,Nangarhar
32,3573,4.1220301113e+14,20161222,12/22/2016 10:28:48 AM,+2P93uqI8OeRkAO1cjPnxw==,201612,2016-12-22 10:28:48,3,False,10,10.4666666667,False,34.4245,70.4245,Nangarhar
33,3794,4.1220301113e+14,20161206,12/6/2016 1:23:40 PM,+2P93uqI8OeRkAO1cjPnxw==,201612,2016-12-06 13:23:40,1,False,13,13.3833333333,False,34.4202,70.4383,Nangarhar
34,3845,4.12203011463e+14,20161210,12/10/2016 6:05:46 PM,+2P93uqI8OeRkAO1cjPnxw==,201612,2016-12-10 18:05:46,5,False,18,18.0833333333,True,34.5011,70.3906,Nangarhar
35,4152,4.12203011463e+14,20161205,12/5/2016 8:29:42 AM,+2P93uqI8OeRkAO1cjPnxw==,201612,2016-12-05 08:29:42,0,False,8,8.48333333333,False,34.5011,70.3906,Nangarhar
36,4266,4.1220301113e+14,20161205,12/5/2016 3:32:07 PM,+2P93uqI8OeRkAO1cjPnxw==,201612,2016-12-05 15:32:07,0,False,15,15.5333333333,False,34.4251,70.4497,Nangarhar
37,4424,4.1220301113e+14,20161202,12/2/2016 5:47:59 PM,+2P93uqI8OeRkAO1cjPnxw==,201612,2016-12-02 17:47:59,4,True,17,17.7833333333,True,34.4407,70.398,Nangarhar
38,4554,4.1220301113e+14,20161202,12/2/2016 10:50:50 AM,+2P93uqI8OeRkAO1cjPnxw==,201612,2016-12-02 10:50:50,4,True,10,10.8333333333,True,34.4407,70.398,Nangarhar
39,4561,4.1220301113e+14,20161205,12/5/2016 6:07:51 PM,+2P93uqI8OeRkAO1cjPnxw==,201612,2016-12-05 18:07:51,0,False,18,18.1166666667,True,34.4407,70.398,Nangarhar
40,4680,4.1220301113e+14,20161205,12/5/2016 3:29:54 PM,+2P93uqI8OeRkAO1cjPnxw==,201612,2016-12-05 15:29:54,0,False,15,15.4833333333,False,34.4251,70.4497,Nangarhar
41,4721,4.12203011463e+14,20161204,12/4/2016 5:38:19 PM,+2P93uqI8OeRkAO1cjPnxw==,201612,2016-12-04 17:38:19,6,False,17,17.6333333333,True,34.5011,70.3906,Nangarhar
42,4759,4.1220301113e+14,20161205,12/5/2016 3:28:57 PM,+2P93uqI8OeRkAO1cjPnxw==,201612,2016-12-05 15:28:57,0,False,15,15.4666666667,False,34.4251,70.4497,Nangarhar
43,4905,4.12203011463e+14,20161202,12/2/2016 8:09:24 AM,+2P93uqI8OeRkAO1cjPnxw==,201612,2016-12-02 08:09:24,4,True,8,8.15,True,34.5011,70.3906,Nangarhar
44,4981,4.1220301113e+14,20161202,12/2/2016 7:49:47 AM,+2P93uqI8OeRkAO1cjPnxw==,201612,2016-12-02 07:49:47,4,True,7,7.81666666667,True,34.4407,70.398,Nangarhar
45,5109,4.12203011463e+14,20161201,12/1/2016 2:10:59 PM,+2P93uqI8OeRkAO1cjPnxw==,201612,2016-12-01 14:10:59,3,False,14,14.1666666667,False,34.5011,70.3906,Nangarhar
46,5144,4.12203011463e+14,20161201,12/1/2016 4:52:15 PM,+2P93uqI8OeRkAO1cjPnxw==,201612,2016-12-01 16:52:15,3,False,16,16.8666666667,True,34.5011,70.3906,Nangarhar
47,5180,4.12203011463e+14,20161218,12/18/2016 5:27:31 PM,+2P93uqI8OeRkAO1cjPnxw==,201612,2016-12-18 17:27:31,6,False,17,17.45,True,34.5011,70.3906,Nangarhar
48,5310,4.1220301113e+14,20161227,12/27/2016 7:22:43 PM,+2P93uqI8OeRkAO1cjPnxw==,201612,2016-12-27 19:22:43,1,False,19,19.3666666667,True,34.4407,70.398,Nangarhar
49,5504,4.12203011463e+14,20161205,12/5/2016 8:05:20 AM,+2P93uqI8OeRkAO1cjPnxw==,201612,2016-12-05 08:05:20,0,False,8,8.08333333333,False,34.5011,70.3906,Nangarhar
50,5907,4.12203011131e+14,20161229,12/29/2016 12:47:25 PM,+2P93uqI8OeRkAO1cjPnxw==,201612,2016-12-29 12:47:25,3,False,12,12.7833333333,False,34.4265,70.4613,Nangarhar
51,6062,4.1220301113e+14,20161216,12/16/2016 6:03:22 PM,+2P93uqI8OeRkAO1cjPnxw==,201612,2016-12-16 18:03:22,4,True,18,18.05,True,34.4407,70.398,Nangarhar
52,6079,4.1220301113e+14,20161202,12/2/2016 8:24:25 PM,+2P93uqI8OeRkAO1cjPnxw==,201612,2016-12-02 20:24:25,4,True,20,20.4,True,34.4407,70.398,Nangarhar
53,6082,4.12203011463e+14,20161201,12/1/2016 2:16:52 PM,+2P93uqI8OeRkAO1cjPnxw==,201612,2016-12-01 14:16:52,3,False,14,14.2666666667,False,34.5011,70.3906,Nangarhar
54,6263,4.1220301113e+14,20161205,12/5/2016 5:13:30 PM,+2P93uqI8OeRkAO1cjPnxw==,201612,2016-12-05 17:13:30,0,False,17,17.2166666667,True,34.4407,70.398,Nangarhar
55,6399,4.1220301113e+14,20161207,12/7/2016 1:15:27 PM,+2P93uqI8OeRkAO1cjPnxw==,201612,2016-12-07 13:15:27,2,False,13,13.25,False,34.4202,70.4383,Nangarhar
56,6491,4.12203011131e+14,20161207,12/7/2016 2:28:25 PM,+2P93uqI8OeRkAO1cjPnxw==,201612,2016-12-07 14:28:25,2,False,14,14.4666666667,False,34.4265,70.4613,Nangarhar
57,6598,4.12203011463e+14,20161210,12/10/2016 5:35:07 PM,+2P93uqI8OeRkAO1cjPnxw==,201612,2016-12-10 17:35:07,5,False,17,17.5833333333,True,34.5011,70.3906,Nangarhar
58,6620,4.1220301113e+14,20161205,12/5/2016 6:21:06 PM,+2P93uqI8OeRkAO1cjPnxw==,201612,2016-12-05 18:21:06,0,False,18,18.35,True,34.4407,70.398,Nangarhar
59,6639,4.12203011463e+14,20161203,12/3/2016 6:22:02 PM,+2P93uqI8OeRkAO1cjPnxw==,201612,2016-12-03 18:22:02,5,False,18,18.3666666667,True,34.5011,70.3906,Nangarhar
60,6653,4.12203011463e+14,20161202,12/2/2016 7:18:39 AM,+2P93uqI8OeRkAO1cjPnxw==,201612,2016-12-02 07:18:39,4,True,7,7.3,True,34.5011,70.3906,Nangarhar
61,6834,4.12203011131e+14,20161208,12/8/2016 1:02:01 PM,+2P93uqI8OeRkAO1cjPnxw==,201612,2016-12-08 13:02:01,3,False,13,13.0333333333,False,34.4265,70.4613,Nangarhar
62,7028,4.1220301113e+14,20161220,12/20/2016 5:13:36 PM,+2P93uqI8OeRkAO1cjPnxw==,201612,2016-12-20 17:13:36,1,False,17,17.2166666667,True,34.4407,70.398,Nangarhar
63,7089,4.1220301113e+14,20161220,12/20/2016 5:35:20 PM,+2P93uqI8OeRkAO1cjPnxw==,201612,2016-12-20 17:35:20,1,False,17,17.5833333333,True,34.4407,70.398,Nangarhar
64,7100,4.12203011463e+14,20161220,12/20/2016 8:22:38 AM,+2P93uqI8OeRkAO1cjPnxw==,201612,2016-12-20 08:22:38,1,False,8,8.36666666667,False,34.5011,70.3906,Nangarhar
65,7108,4.1220301113e+14,20161220,12/20/2016 8:09:11 AM,+2P93uqI8OeRkAO1cjPnxw==,201612,2016-12-20 08:09:11,1,False,8,8.15,False,34.4407,70.398,Nangarhar
66,7387,4.1220301113e+14,20161204,12/4/2016 8:36:23 AM,+2P93uqI8OeRkAO1cjPnxw==,201612,2016-12-04 08:36:23,6,False,8,8.6,False,34.4245,70.4245,Nangarhar
67,7397,4.12203011131e+14,20161207,12/7/2016 2:38:29 PM,+2P93uqI8OeRkAO1cjPnxw==,201612,2016-12-07 14:38:29,2,False,14,14.6333333333,False,34.4265,70.4613,Nangarhar
68,7503,4.1220301113e+14,20161211,12/11/2016 7:44:43 AM,+2P93uqI8OeRkAO1cjPnxw==,201612,2016-12-11 07:44:43,6,False,7,7.73333333333,True,34.4245,70.4245,Nangarhar
69,7951,4.12203011131e+14,20161201,12/1/2016 1:11:45 PM,+2P93uqI8OeRkAO1cjPnxw==,201612,2016-12-01 13:11:45,3,False,13,13.1833333333,False,34.4309,70.4518,Nangarhar
70,7981,4.1220301113e+14,20161204,12/4/2016 8:24:49 AM,+2P93uqI8OeRkAO1cjPnxw==,201612,2016-12-04 08:24:49,6,False,8,8.4,False,34.4407,70.398,Nangarhar
71,8185,4.12203011463e+14,20161210,12/10/2016 6:26:40 PM,+2P93uqI8OeRkAO1cjPnxw==,201612,2016-12-10 18:26:40,5,False,18,18.4333333333,True,34.5011,70.3906,Nangarhar
72,8271,4.1220301113e+14,20161213,12/13/2016 11:51:20 AM,+2P93uqI8OeRkAO1cjPnxw==,201612,2016-12-13 11:51:20,1,False,11,11.85,False,34.4347,70.4758,Nangarhar
73,8299,4.1220301113e+14,20161201,12/1/2016 7:18:26 PM,+2P93uqI8OeRkAO1cjPnxw==,201612,2016-12-01 19:18:26,3,False,19,19.3,True,34.4202,70.4383,Nangarhar
74,8351,4.1220301113e+14,20161217,12/17/2016 6:24:08 PM,+2P93uqI8OeRkAO1cjPnxw==,201612,2016-12-17 18:24:08,5,False,18,18.4,True,34.4407,70.398,Nangarhar
75,8370,4.1220301113e+14,20161216,12/16/2016 8:06:40 PM,+2P93uqI8OeRkAO1cjPnxw==,201612,2016-12-16 20:06:40,4,True,20,20.1,True,34.4407,70.398,Nangarhar
76,8598,4.1220301113e+14,20161202,12/2/2016 9:48:59 AM,+2P93uqI8OeRkAO1cjPnxw==,201612,2016-12-02 09:48:59,4,True,9,9.8,True,34.4245,70.4245,Nangarhar
77,8609,4.12203011463e+14,20161203,12/3/2016 8:54:54 AM,+2P93uqI8OeRkAO1cjPnxw==,201612,2016-12-03 08:54:54,5,False,8,8.9,False,34.5011,70.3906,Nangarhar
78,8764,4.1220301113e+14,20161215,12/15/2016 7:27:17 AM,+2P93uqI8OeRkAO1cjPnxw==,201612,2016-12-15 07:27:17,3,False,7,7.45,True,34.4407,70.398,Nangarhar
79,9428,4.1220301113e+14,20161206,12/6/2016 1:37:25 PM,+2P93uqI8OeRkAO1cjPnxw==,201612,2016-12-06 13:37:25,1,False,13,13.6166666667,False,34.4202,70.4383,Nangarhar
80,9530,4.1220301113e+14,20161205,12/5/2016 10:54:20 AM,+2P93uqI8OeRkAO1cjPnxw==,201612,2016-12-05 10:54:20,0,False,10,10.9,False,34.4202,70.4383,Nangarhar
81,9576,4.12203011463e+14,20161201,12/1/2016 2:21:15 PM,+2P93uqI8OeRkAO1cjPnxw==,201612,2016-12-01 14:21:15,3,False,14,14.35,False,34.5011,70.3906,Nangarhar
82,9681,4.12203011463e+14,20161214,12/14/2016 8:02:28 PM,+2P93uqI8OeRkAO1cjPnxw==,201612,2016-12-14 20:02:28,2,False,20,20.0333333333,True,34.5011,70.3906,Nangarhar
83,9756,4.12203011131e+14,20161230,12/30/2016 3:40:27 PM,+2P93uqI8OeRkAO1cjPnxw==,201612,2016-12-30 15:40:27,4,True,15,15.6666666667,True,34.4377,70.4157,Nangarhar
84,9776,4.1220301113e+14,20161217,12/17/2016 2:24:08 PM,+2P93uqI8OeRkAO1cjPnxw==,201612,2016-12-17 14:24:08,5,False,14,14.4,False,34.4245,70.4245,Nangarhar
85,10069,4.1220301113e+14,20161219,12/19/2016 4:14:34 PM,+2P93uqI8OeRkAO1cjPnxw==,201612,2016-12-19 16:14:34,0,False,16,16.2333333333,True,34.4407,70.398,Nangarhar
86,10395,4.1220301113e+14,20161218,12/18/2016 10:40:38 AM,+2P93uqI8OeRkAO1cjPnxw==,201612,2016-12-18 10:40:38,6,False,10,10.6666666667,False,34.4251,70.4497,Nangarhar
87,10566,4.12203011131e+14,20161213,12/13/2016 12:33:08 PM,+2P93uqI8OeRkAO1cjPnxw==,201612,2016-12-13 12:33:08,1,False,12,12.55,False,34.4321,70.4682,Nangarhar
88,10985,4.1220301113e+14,20161211,12/11/2016 6:07:59 PM,+2P93uqI8OeRkAO1cjPnxw==,201612,2016-12-11 18:07:59,6,False,18,18.1166666667,True,34.4407,70.398,Nangarhar
89,11066,4.12203011463e+14,20161206,12/6/2016 5:20:53 PM,+2P93uqI8OeRkAO1cjPnxw==,201612,2016-12-06 17:20:53,1,False,17,17.3333333333,True,34.5011,70.3906,Nangarhar
90,11085,4.1220301113e+14,20161202,12/2/2016 9:56:39 AM,+2P93uqI8OeRkAO1cjPnxw==,201612,2016-12-02 09:56:39,4,True,9,9.93333333333,True,34.4407,70.398,Nangarhar
91,11105,4.12201010728e+14,20161222,12/22/2016 2:23:27 PM,+2P93uqI8OeRkAO1cjPnxw==,201612,2016-12-22 14:23:27,3,False,14,14.3833333333,False,34.537,69.2103,Kabul
92,11174,4.12201610512e+14,20161222,12/22/2016 8:15:57 PM,+2P93uqI8OeRkAO1cjPnxw==,201612,2016-12-22 20:15:57,3,False,20,20.25,True,34.5336,69.0856,Kabul
93,11236,4.1220301113e+14,20161217,12/17/2016 5:42:40 PM,+2P93uqI8OeRkAO1cjPnxw==,201612,2016-12-17 17:42:40,5,False,17,17.7,True,34.4407,70.398,Nangarhar
94,11377,4.1220301113e+14,20161222,12/22/2016 10:15:43 AM,+2P93uqI8OeRkAO1cjPnxw==,201612,2016-12-22 10:15:43,3,False,10,10.25,False,34.4245,70.4245,Nangarhar
95,11448,4.1220301113e+14,20161218,12/18/2016 4:23:46 PM,+2P93uqI8OeRkAO1cjPnxw==,201612,2016-12-18 16:23:46,6,False,16,16.3833333333,True,34.4407,70.398,Nangarhar
96,11677,4.1220101091e+14,20161223,12/23/2016 9:47:13 AM,+2P93uqI8OeRkAO1cjPnxw==,201612,2016-12-23 09:47:13,4,True,9,9.78333333333,True,34.5325,69.1508,Kabul
97,11702,4.1220301113e+14,20161201,12/1/2016 12:53:45 PM,+2P93uqI8OeRkAO1cjPnxw==,201612,2016-12-01 12:53:45,3,False,12,12.8833333333,False,34.4251,70.4497,Nangarhar
98,11797,4.12203011463e+14,20161216,12/16/2016 5:09:48 PM,+2P93uqI8OeRkAO1cjPnxw==,201612,2016-12-16 17:09:48,4,True,17,17.15,True,34.5011,70.3906,Nangarhar
99,11889,4.12203011131e+14,20161201,12/1/2016 1:35:18 PM,+2P93uqI8OeRkAO1cjPnxw==,201612,2016-12-01 13:35:18,3,False,13,13.5833333333,False,34.4301,70.4428,Nangarhar
100,11893,4.12203011131e+14,20161224,12/24/2016 5:12:02 PM,+2P93uqI8OeRkAO1cjPnxw==,201612,2016-12-24 17:12:02,5,False,17,17.2,True,34.4265,70.4613,Nangarhar
101,12045,4.1220301113e+14,20161201,12/1/2016 8:37:29 AM,+2P93uqI8OeRkAO1cjPnxw==,201612,2016-12-01 08:37:29,3,False,8,8.61666666667,False,34.4407,70.398,Nangarhar
102,12322,4.1220301113e+14,20161217,12/17/2016 6:35:32 PM,+2P93uqI8OeRkAO1cjPnxw==,201612,2016-12-17 18:35:32,5,False,18,18.5833333333,True,34.4407,70.398,Nangarhar
103,12505,4.1220301113e+14,20161231,12/31/2016 7:01:11 PM,+2P93uqI8OeRkAO1cjPnxw==,201612,2016-12-31 19:01:11,5,False,19,19.0166666667,True,34.4407,70.398,Nangarhar
104,12513,4.12203011463e+14,20161224,12/24/2016 3:34:12 PM,+2P93uqI8OeRkAO1cjPnxw==,201612,2016-12-24 15:34:12,5,False,15,15.5666666667,False,34.5031,70.218,Laghman
105,12922,4.1220301113e+14,20161226,12/26/2016 5:36:53 PM,+2P93uqI8OeRkAO1cjPnxw==,201612,2016-12-26 17:36:53,0,False,17,17.6,True,34.4245,70.4245,Nangarhar
106,12982,4.1220301113e+14,20161228,12/28/2016 5:23:11 PM,+2P93uqI8OeRkAO1cjPnxw==,201612,2016-12-28 17:23:11,2,False,17,17.3833333333,True,34.4407,70.398,Nangarhar
107,13188,4.1220101091e+14,20161223,12/23/2016 11:36:30 AM,+2P93uqI8OeRkAO1cjPnxw==,201612,2016-12-23 11:36:30,4,True,11,11.6,True,34.531,69.1585,Kabul
108,13195,4.12201010129e+14,20161222,12/22/2016 1:51:43 PM,+2P93uqI8OeRkAO1cjPnxw==,201612,2016-12-22 13:51:43,3,False,13,13.85,False,34.5679,69.3931,Kabul
110,13308,4.12203011463e+14,20161214,12/14/2016 8:16:38 PM,+2P93uqI8OeRkAO1cjPnxw==,201612,2016-12-14 20:16:38,2,False,20,20.2666666667,True,34.5011,70.3906,Nangarhar
111,13349,4.1220301113e+14,20161216,12/16/2016 10:25:31 AM,+2P93uqI8OeRkAO1cjPnxw==,201612,2016-12-16 10:25:31,4,True,10,10.4166666667,True,34.4407,70.398,Nangarhar
112,13363,4.1220301113e+14,20161216,12/16/2016 7:43:22 AM,+2P93uqI8OeRkAO1cjPnxw==,201612,2016-12-16 07:43:22,4,True,7,7.71666666667,True,34.4407,70.398,Nangarhar
114,13972,4.1220301113e+14,20161219,12/19/2016 11:21:39 AM,+2P93uqI8OeRkAO1cjPnxw==,201612,2016-12-19 11:21:39,0,False,11,11.35,False,34.4407,70.398,Nangarhar
115,14146,4.12201610512e+14,20161222,12/22/2016 6:25:36 PM,+2P93uqI8OeRkAO1cjPnxw==,201612,2016-12-22 18:25:36,3,False,18,18.4166666667,True,34.5336,69.0856,Kabul
116,14202,4.12203011463e+14,20161215,12/15/2016 6:28:14 PM,+2P93uqI8OeRkAO1cjPnxw==,201612,2016-12-15 18:28:14,3,False,18,18.4666666667,True,34.5011,70.3906,Nangarhar
117,14870,4.12203011463e+14,20161227,12/27/2016 7:32:07 AM,+2P93uqI8OeRkAO1cjPnxw==,201612,2016-12-27 07:32:07,1,False,7,7.53333333333,True,34.5011,70.3906,Nangarhar
118,15443,4.1220301113e+14,20161216,12/16/2016 5:23:55 PM,+2P93uqI8OeRkAO1cjPnxw==,201612,2016-12-16 17:23:55,4,True,17,17.3833333333,True,34.4407,70.398,Nangarhar
119,15618,4.1220301113e+14,20161219,12/19/2016 11:36:03 AM,+2P93uqI8OeRkAO1cjPnxw==,201612,2016-12-19 11:36:03,0,False,11,11.6,False,34.4407,70.398,Nangarhar
120,15625,4.12203011463e+14,20161225,12/25/2016 9:13:38 AM,+2P93uqI8OeRkAO1cjPnxw==,201612,2016-12-25 09:13:38,6,False,9,9.21666666667,False,34.5011,70.3906,Nangarhar
121,15912,4.1220301113e+14,20161220,12/20/2016 7:39:43 AM,+2P93uqI8OeRkAO1cjPnxw==,201612,2016-12-20 07:39:43,1,False,7,7.65,True,34.4407,70.398,Nangarhar
122,16001,4.1220301113e+14,20161206,12/6/2016 1:44:24 PM,+2P93uqI8OeRkAO1cjPnxw==,201612,2016-12-06 13:44:24,1,False,13,13.7333333333,False,34.4202,70.4383,Nangarhar
123,16092,4.1220301113e+14,20161230,12/30/2016 2:42:58 PM,+2P93uqI8OeRkAO1cjPnxw==,201612,2016-12-30 14:42:58,4,True,14,14.7,True,34.4297,70.3586,Nangarhar
124,16888,4.1220301113e+14,20161215,12/15/2016 7:26:12 AM,+2P93uqI8OeRkAO1cjPnxw==,201612,2016-12-15 07:26:12,3,False,7,7.43333333333,True,34.4407,70.398,Nangarhar
126,17197,4.1220301113e+14,20161220,12/20/2016 7:57:57 AM,+2P93uqI8OeRkAO1cjPnxw==,201612,2016-12-20 07:57:57,1,False,7,7.95,True,34.4407,70.398,Nangarhar
127,17210,4.12203011463e+14,20161220,12/20/2016 8:26:36 AM,+2P93uqI8OeRkAO1cjPnxw==,201612,2016-12-20 08:26:36,1,False,8,8.43333333333,False,34.5011,70.3906,Nangarhar
128,17284,4.1220301113e+14,20161216,12/16/2016 5:28:08 PM,+2P93uqI8OeRkAO1cjPnxw==,201612,2016-12-16 17:28:08,4,True,17,17.4666666667,True,34.4407,70.398,Nangarhar
129,17363,4.12203011463e+14,20161201,12/1/2016 4:57:56 PM,+2P93uqI8OeRkAO1cjPnxw==,201612,2016-12-01 16:57:56,3,False,16,16.95,True,34.5011,70.3906,Nangarhar
130,17371,4.12203011131e+14,20161230,12/30/2016 7:14:09 AM,+2P93uqI8OeRkAO1cjPnxw==,201612,2016-12-30 07:14:09,4,True,7,7.23333333333,True,34.4321,70.4682,Nangarhar
131,17380,4.1220301113e+14,20161201,12/1/2016 11:03:48 AM,+2P93uqI8OeRkAO1cjPnxw==,201612,2016-12-01 11:03:48,3,False,11,11.05,False,34.4202,70.4383,Nangarhar
132,17532,4.1220301113e+14,20161229,12/29/2016 10:43:54 AM,+2P93uqI8OeRkAO1cjPnxw==,201612,2016-12-29 10:43:54,3,False,10,10.7166666667,False,34.4202,70.4383,Nangarhar
133,17709,4.1220301113e+14,20161231,12/31/2016 5:24:28 PM,+2P93uqI8OeRkAO1cjPnxw==,201612,2016-12-31 17:24:28,5,False,17,17.4,True,34.4407,70.398,Nangarhar
134,17749,4.1220301113e+14,20161231,12/31/2016 5:26:06 PM,+2P93uqI8OeRkAO1cjPnxw==,201612,2016-12-31 17:26:06,5,False,17,17.4333333333,True,34.4407,70.398,Nangarhar
135,17826,4.1220301113e+14,20161201,12/1/2016 11:27:49 AM,+2P93uqI8OeRkAO1cjPnxw==,201612,2016-12-01 11:27:49,3,False,11,11.45,False,34.4202,70.4383,Nangarhar
136,17949,4.1220301113e+14,20161224,12/24/2016 5:47:41 PM,+2P93uqI8OeRkAO1cjPnxw==,201612,2016-12-24 17:47:41,5,False,17,17.7833333333,True,34.4407,70.398,Nangarhar
137,18065,4.1220301113e+14,20161224,12/24/2016 4:39:51 PM,+2P93uqI8OeRkAO1cjPnxw==,201612,2016-12-24 16:39:51,5,False,16,16.65,True,34.4326,70.4584,Nangarhar
138,18102,4.1220301113e+14,20161218,12/18/2016 10:47:24 AM,+2P93uqI8OeRkAO1cjPnxw==,201612,2016-12-18 10:47:24,6,False,10,10.7833333333,False,34.4251,70.4497,Nangarhar
139,18503,4.1220301113e+14,20161214,12/14/2016 7:43:48 PM,+2P93uqI8OeRkAO1cjPnxw==,201612,2016-12-14 19:43:48,2,False,19,19.7166666667,True,34.4407,70.398,Nangarhar
140,18749,4.1220101091e+14,20161223,12/23/2016 11:33:24 AM,+2P93uqI8OeRkAO1cjPnxw==,201612,2016-12-23 11:33:24,4,True,11,11.55,True,34.531,69.1585,Kabul
141,18869,4.1220301113e+14,20161226,12/26/2016 8:03:57 PM,+2P93uqI8OeRkAO1cjPnxw==,201612,2016-12-26 20:03:57,0,False,20,20.05,True,34.4407,70.398,Nangarhar
142,19080,4.1220301113e+14,20161216,12/16/2016 7:41:19 PM,+2P93uqI8OeRkAO1cjPnxw==,201612,2016-12-16 19:41:19,4,True,19,19.6833333333,True,34.4407,70.398,Nangarhar
143,19239,4.12203011463e+14,20161231,12/31/2016 6:24:03 PM,+2P93uqI8OeRkAO1cjPnxw==,201612,2016-12-31 18:24:03,5,False,18,18.4,True,34.5011,70.3906,Nangarhar
144,19353,4.12201610512e+14,20161223,12/23/2016 7:42:25 AM,+2P93uqI8OeRkAO1cjPnxw==,201612,2016-12-23 07:42:25,4,True,7,7.7,True,34.5336,69.0856,Kabul
145,19465,4.1220301113e+14,20161216,12/16/2016 10:16:23 AM,+2P93uqI8OeRkAO1cjPnxw==,201612,2016-12-16 10:16:23,4,True,10,10.2666666667,True,34.4407,70.398,Nangarhar
146,19602,4.1220301113e+14,20161226,12/26/2016 10:51:02 AM,+2P93uqI8OeRkAO1cjPnxw==,201612,2016-12-26 10:51:02,0,False,10,10.85,False,34.4202,70.4383,Nangarhar
147,19693,4.12203011131e+14,20161227,12/27/2016 11:59:22 AM,+2P93uqI8OeRkAO1cjPnxw==,201612,2016-12-27 11:59:22,1,False,11,11.9833333333,False,34.4265,70.4613,Nangarhar
148,19798,4.1220301113e+14,20161231,12/31/2016 6:23:24 PM,+2P93uqI8OeRkAO1cjPnxw==,201612,2016-12-31 18:23:24,5,False,18,18.3833333333,True,34.4407,70.398,Nangarhar
149,20139,4.1220301113e+14,20161226,12/26/2016 8:01:57 PM,+2P93uqI8OeRkAO1cjPnxw==,201612,2016-12-26 20:01:57,0,False,20,20.0166666667,True,34.4407,70.398,Nangarhar
150,20143,4.1220301113e+14,20161226,12/26/2016 8:11:16 PM,+2P93uqI8OeRkAO1cjPnxw==,201612,2016-12-26 20:11:16,0,False,20,20.1833333333,True,34.4407,70.398,Nangarhar
151,20301,4.12203011463e+14,20161220,12/20/2016 6:43:37 AM,+2P93uqI8OeRkAO1cjPnxw==,201612,2016-12-20 06:43:37,1,False,6,6.71666666667,True,34.5011,70.3906,Nangarhar
152,20340,4.1220301113e+14,20161217,12/17/2016 5:40:22 PM,+2P93uqI8OeRkAO1cjPnxw==,201612,2016-12-17 17:40:22,5,False,17,17.6666666667,True,34.4407,70.398,Nangarhar
153,20361,4.12203011131e+14,20161230,12/30/2016 6:47:16 AM,+2P93uqI8OeRkAO1cjPnxw==,201612,2016-12-30 06:47:16,4,True,6,6.78333333333,True,34.4321,70.4682,Nangarhar
154,20379,4.12201610512e+14,20161222,12/22/2016 6:30:45 PM,+2P93uqI8OeRkAO1cjPnxw==,201612,2016-12-22 18:30:45,3,False,18,18.5,True,34.5336,69.0856,Kabul
155,20460,4.12203011463e+14,20161209,12/9/2016 7:54:15 AM,+2P93uqI8OeRkAO1cjPnxw==,201612,2016-12-09 07:54:15,4,True,7,7.9,True,34.5011,70.3906,Nangarhar
156,20605,4.1220301113e+14,20161221,12/21/2016 8:08:00 AM,+2P93uqI8OeRkAO1cjPnxw==,201612,2016-12-21 08:08:00,2,False,8,8.13333333333,False,34.4407,70.398,Nangarhar
157,20863,4.1220301113e+14,20161218,12/18/2016 6:41:53 PM,+2P93uqI8OeRkAO1cjPnxw==,201612,2016-12-18 18:41:53,6,False,18,18.6833333333,True,34.4407,70.398,Nangarhar
158,20943,4.1220301113e+14,20161206,12/6/2016 12:33:50 PM,+2P93uqI8OeRkAO1cjPnxw==,201612,2016-12-06 12:33:50,1,False,12,12.55,False,34.4202,70.4383,Nangarhar
159,21050,4.1220301113e+14,20161229,12/29/2016 9:13:35 AM,+2P93uqI8OeRkAO1cjPnxw==,201612,2016-12-29 09:13:35,3,False,9,9.21666666667,False,34.4245,70.4245,Nangarhar
160,21051,4.12203011131e+14,20161229,12/29/2016 12:26:52 PM,+2P93uqI8OeRkAO1cjPnxw==,201612,2016-12-29 12:26:52,3,False,12,12.4333333333,False,34.4265,70.4613,Nangarhar
161,21230,4.1220301113e+14,20161224,12/24/2016 4:38:47 PM,+2P93uqI8OeRkAO1cjPnxw==,201612,2016-12-24 16:38:47,5,False,16,16.6333333333,True,34.4326,70.4584,Nangarhar
162,21273,4.12203011131e+14,20161224,12/24/2016 4:47:59 PM,+2P93uqI8OeRkAO1cjPnxw==,201612,2016-12-24 16:47:59,5,False,16,16.7833333333,True,34.4265,70.4613,Nangarhar
163,21616,4.1220301113e+14,20161219,12/19/2016 3:50:09 PM,+2P93uqI8OeRkAO1cjPnxw==,201612,2016-12-19 15:50:09,0,False,15,15.8333333333,False,34.4407,70.398,Nangarhar
164,22115,4.1220301113e+14,20161213,12/13/2016 7:18:33 PM,+2P93uqI8OeRkAO1cjPnxw==,201612,2016-12-13 19:18:33,1,False,19,19.3,True,34.4407,70.398,Nangarhar
165,22544,4.12203011131e+14,20161220,12/20/2016 12:24:09 PM,+2P93uqI8OeRkAO1cjPnxw==,201612,2016-12-20 12:24:09,1,False,12,12.4,False,34.4265,70.4613,Nangarhar
166,23105,4.1220301113e+14,20161220,12/20/2016 8:27:47 PM,+2P93uqI8OeRkAO1cjPnxw==,201612,2016-12-20 20:27:47,1,False,20,20.45,True,34.4407,70.398,Nangarhar
167,23111,4.1220301113e+14,20161222,12/22/2016 10:37:54 AM,+2P93uqI8OeRkAO1cjPnxw==,201612,2016-12-22 10:37:54,3,False,10,10.6166666667,False,34.4245,70.4245,Nangarhar
168,23120,4.12201610512e+14,20161222,12/22/2016 3:57:45 PM,+2P93uqI8OeRkAO1cjPnxw==,201612,2016-12-22 15:57:45,3,False,15,15.95,False,34.5336,69.0856,Kabul
169,23142,4.1220301113e+14,20161208,12/8/2016 6:20:09 PM,+2P93uqI8OeRkAO1cjPnxw==,201612,2016-12-08 18:20:09,3,False,18,18.3333333333,True,34.4407,70.398,Nangarhar
170,23177,4.12203011131e+14,20161230,12/30/2016 8:36:47 AM,+2P93uqI8OeRkAO1cjPnxw==,201612,2016-12-30 08:36:47,4,True,8,8.6,True,34.4321,70.4682,Nangarhar
171,23222,4.1220301113e+14,20161219,12/19/2016 2:42:05 PM,+2P93uqI8OeRkAO1cjPnxw==,201612,2016-12-19 14:42:05,0,False,14,14.7,False,34.4407,70.398,Nangarhar
172,23231,4.1220301113e+14,20161225,12/25/2016 8:18:19 AM,+2P93uqI8OeRkAO1cjPnxw==,201612,2016-12-25 08:18:19,6,False,8,8.3,False,34.4407,70.398,Nangarhar
173,23278,4.1220301113e+14,20161213,12/13/2016 11:53:16 AM,+2P93uqI8OeRkAO1cjPnxw==,201612,2016-12-13 11:53:16,1,False,11,11.8833333333,False,34.4347,70.4758,Nangarhar
174,23843,4.1220301113e+14,20161226,12/26/2016 8:17:49 PM,+2P93uqI8OeRkAO1cjPnxw==,201612,2016-12-26 20:17:49,0,False,20,20.2833333333,True,34.4407,70.398,Nangarhar
175,24247,4.1220301113e+14,20161226,12/26/2016 8:07:06 PM,+2P93uqI8OeRkAO1cjPnxw==,201612,2016-12-26 20:07:06,0,False,20,20.1166666667,True,34.4407,70.398,Nangarhar
176,24350,4.1220101091e+14,20161223,12/23/2016 10:11:26 AM,+2P93uqI8OeRkAO1cjPnxw==,201612,2016-12-23 10:11:26,4,True,10,10.1833333333,True,34.5325,69.1508,Kabul
177,24383,4.1220301113e+14,20161216,12/16/2016 6:44:07 PM,+2P93uqI8OeRkAO1cjPnxw==,201612,2016-12-16 18:44:07,4,True,18,18.7333333333,True,34.4407,70.398,Nangarhar
178,24662,4.12203011131e+14,20161224,12/24/2016 5:02:02 PM,+2P93uqI8OeRkAO1cjPnxw==,201612,2016-12-24 17:02:02,5,False,17,17.0333333333,True,34.4265,70.4613,Nangarhar
179,24668,4.1220301113e+14,20161228,12/28/2016 7:22:45 AM,+2P93uqI8OeRkAO1cjPnxw==,201612,2016-12-28 07:22:45,2,False,7,7.36666666667,True,34.4407,70.398,Nangarhar
181,24746,4.12203011463e+14,20161230,12/30/2016 4:38:53 PM,+2P93uqI8OeRkAO1cjPnxw==,201612,2016-12-30 16:38:53,4,True,16,16.6333333333,True,34.5011,70.3906,Nangarhar
182,25020,4.1220301113e+14,20161231,12/31/2016 5:10:57 PM,+2P93uqI8OeRkAO1cjPnxw==,201612,2016-12-31 17:10:57,5,False,17,17.1666666667,True,34.4407,70.398,Nangarhar
183,25172,4.1220301113e+14,20161227,12/27/2016 10:29:24 AM,+2P93uqI8OeRkAO1cjPnxw==,201612,2016-12-27 10:29:24,1,False,10,10.4833333333,False,34.4202,70.4383,Nangarhar
184,25321,4.12203011131e+14,20161230,12/30/2016 6:28:30 AM,+2P93uqI8OeRkAO1cjPnxw==,201612,2016-12-30 06:28:30,4,True,6,6.46666666667,True,34.4321,70.4682,Nangarhar
185,25537,4.1220301113e+14,20161222,12/22/2016 10:17:41 AM,+2P93uqI8OeRkAO1cjPnxw==,201612,2016-12-22 10:17:41,3,False,10,10.2833333333,False,34.4245,70.4245,Nangarhar
186,25605,4.12203011131e+14,20161227,12/27/2016 11:13:51 AM,+2P93uqI8OeRkAO1cjPnxw==,201612,2016-12-27 11:13:51,1,False,11,11.2166666667,False,34.4265,70.4613,Nangarhar
187,25731,4.1220301113e+14,20161229,12/29/2016 9:09:09 AM,+2P93uqI8OeRkAO1cjPnxw==,201612,2016-12-29 09:09:09,3,False,9,9.15,False,34.4245,70.4245,Nangarhar
188,25760,4.12203011463e+14,20161226,12/26/2016 5:43:34 PM,+2P93uqI8OeRkAO1cjPnxw==,201612,2016-12-26 17:43:34,0,False,17,17.7166666667,True,34.5011,70.3906,Nangarhar
189,25769,4.1220301113e+14,20161224,12/24/2016 6:58:35 PM,+2P93uqI8OeRkAO1cjPnxw==,201612,2016-12-24 18:58:35,5,False,18,18.9666666667,True,34.4407,70.398,Nangarhar
190,25794,4.12203011463e+14,20161226,12/26/2016 5:39:15 PM,+2P93uqI8OeRkAO1cjPnxw==,201612,2016-12-26 17:39:15,0,False,17,17.65,True,34.5011,70.3906,Nangarhar
191,59095,4.1220301113e+14,20170113,1/13/2017 8:25:04 PM,+2P93uqI8OeRkAO1cjPnxw==,201701,2017-01-13 20:25:04,4,True,20,20.4166666667,True,34.438,70.4435,Nangarhar
194,59459,4.1220301113e+14,20170102,1/2/2017 7:53:19 PM,+2P93uqI8OeRkAO1cjPnxw==,201701,2017-01-02 19:53:19,0,False,19,19.8833333333,True,34.4407,70.398,Nangarhar
195,59702,4.1220301113e+14,20170101,1/1/2017 6:30:27 PM,+2P93uqI8OeRkAO1cjPnxw==,201701,2017-01-01 18:30:27,6,False,18,18.5,True,34.4407,70.398,Nangarhar
196,59778,4.12203011463e+14,20170103,1/3/2017 6:38:32 AM,+2P93uqI8OeRkAO1cjPnxw==,201701,2017-01-03 06:38:32,1,False,6,6.63333333333,True,34.5011,70.3906,Nangarhar
198,60145,4.1220301113e+14,20170104,1/4/2017 6:01:21 PM,+2P93uqI8OeRkAO1cjPnxw==,201701,2017-01-04 18:01:21,2,False,18,18.0166666667,True,34.4407,70.398,Nangarhar
199,60398,4.12203011463e+14,20170102,1/2/2017 8:20:29 AM,+2P93uqI8OeRkAO1cjPnxw==,201701,2017-01-02 08:20:29,0,False,8,8.33333333333,False,34.5011,70.3906,Nangarhar
200,60599,4.1220301113e+14,20170112,1/12/2017 1:39:35 PM,+2P93uqI8OeRkAO1cjPnxw==,201701,2017-01-12 13:39:35,3,False,13,13.65,False,34.4341,70.4336,Nangarhar
201,60638,4.12203011463e+14,20170106,1/6/2017 7:58:26 PM,+2P93uqI8OeRkAO1cjPnxw==,201701,2017-01-06 19:58:26,4,True,19,19.9666666667,True,34.5011,70.3906,Nangarhar
202,60937,4.12203011463e+14,20170110,1/10/2017 6:48:24 PM,+2P93uqI8OeRkAO1cjPnxw==,201701,2017-01-10 18:48:24,1,False,18,18.8,True,34.5011,70.3906,Nangarhar
204,61002,4.12203011463e+14,20170113,1/13/2017 8:54:02 AM,+2P93uqI8OeRkAO1cjPnxw==,201701,2017-01-13 08:54:02,4,True,8,8.9,True,34.5011,70.3906,Nangarhar
205,61009,4.1220301113e+14,20170113,1/13/2017 8:19:25 AM,+2P93uqI8OeRkAO1cjPnxw==,201701,2017-01-13 08:19:25,4,True,8,8.31666666667,True,34.4245,70.4245,Nangarhar
207,61131,4.1220301113e+14,20170108,1/8/2017 6:25:30 PM,+2P93uqI8OeRkAO1cjPnxw==,201701,2017-01-08 18:25:30,6,False,18,18.4166666667,True,34.4407,70.398,Nangarhar
208,61370,4.1220301113e+14,20170109,1/9/2017 6:58:20 PM,+2P93uqI8OeRkAO1cjPnxw==,201701,2017-01-09 18:58:20,0,False,18,18.9666666667,True,34.3962,70.4875,Nangarhar
209,61458,4.12203011463e+14,20170102,1/2/2017 8:50:07 AM,+2P93uqI8OeRkAO1cjPnxw==,201701,2017-01-02 08:50:07,0,False,8,8.83333333333,False,34.5011,70.3906,Nangarhar
210,61627,4.12203011131e+14,20170102,1/2/2017 11:52:46 AM,+2P93uqI8OeRkAO1cjPnxw==,201701,2017-01-02 11:52:46,0,False,11,11.8666666667,False,34.416778,70.470556,Nangarhar
211,62275,4.1220301113e+14,20170114,1/14/2017 8:06:04 AM,+2P93uqI8OeRkAO1cjPnxw==,201701,2017-01-14 08:06:04,5,False,8,8.1,False,34.4407,70.398,Nangarhar
213,62317,4.12203011131e+14,20170114,1/14/2017 2:19:55 PM,+2P93uqI8OeRkAO1cjPnxw==,201701,2017-01-14 14:19:55,5,False,14,14.3166666667,False,34.4309,70.4518,Nangarhar
214,62502,4.12203011463e+14,20170106,1/6/2017 3:51:36 PM,+2P93uqI8OeRkAO1cjPnxw==,201701,2017-01-06 15:51:36,4,True,15,15.85,True,34.5011,70.3906,Nangarhar
215,62676,4.1220301113e+14,20170103,1/3/2017 8:01:43 PM,+2P93uqI8OeRkAO1cjPnxw==,201701,2017-01-03 20:01:43,1,False,20,20.0166666667,True,34.4407,70.398,Nangarhar
217,62861,4.12203011463e+14,20170105,1/5/2017 8:44:37 AM,+2P93uqI8OeRkAO1cjPnxw==,201701,2017-01-05 08:44:37,3,False,8,8.73333333333,False,34.5011,70.3906,Nangarhar
218,63033,4.1220301113e+14,20170112,1/12/2017 1:55:24 PM,+2P93uqI8OeRkAO1cjPnxw==,201701,2017-01-12 13:55:24,3,False,13,13.9166666667,False,34.4341,70.4336,Nangarhar
219,63095,4.1220301113e+14,20170110,1/10/2017 9:19:37 AM,+2P93uqI8OeRkAO1cjPnxw==,201701,2017-01-10 09:19:37,1,False,9,9.31666666667,False,34.4407,70.398,Nangarhar
220,63263,4.12203011463e+14,20170113,1/13/2017 9:48:07 AM,+2P93uqI8OeRkAO1cjPnxw==,201701,2017-01-13 09:48:07,4,True,9,9.8,True,34.5011,70.3906,Nangarhar
221,63282,4.1220301113e+14,20170111,1/11/2017 8:43:37 AM,+2P93uqI8OeRkAO1cjPnxw==,201701,2017-01-11 08:43:37,2,False,8,8.71666666667,False,34.4407,70.398,Nangarhar
222,63353,4.1220301113e+14,20170111,1/11/2017 7:00:16 PM,+2P93uqI8OeRkAO1cjPnxw==,201701,2017-01-11 19:00:16,2,False,19,19.0,True,34.4407,70.398,Nangarhar
223,63413,4.1220301113e+14,20170106,1/6/2017 3:21:05 PM,+2P93uqI8OeRkAO1cjPnxw==,201701,2017-01-06 15:21:05,4,True,15,15.35,True,34.4407,70.398,Nangarhar
224,63482,4.12203011463e+14,20170106,1/6/2017 2:33:29 PM,+2P93uqI8OeRkAO1cjPnxw==,201701,2017-01-06 14:33:29,4,True,14,14.55,True,34.5011,70.3906,Nangarhar
225,63591,4.1220301113e+14,20170106,1/6/2017 8:34:28 AM,+2P93uqI8OeRkAO1cjPnxw==,201701,2017-01-06 08:34:28,4,True,8,8.56666666667,True,34.4407,70.398,Nangarhar
226,63624,4.1220301113e+14,20170107,1/7/2017 5:05:35 PM,+2P93uqI8OeRkAO1cjPnxw==,201701,2017-01-07 17:05:35,5,False,17,17.0833333333,True,34.4245,70.4245,Nangarhar
227,63660,4.12203011463e+14,20170115,1/15/2017 4:30:56 PM,+2P93uqI8OeRkAO1cjPnxw==,201701,2017-01-15 16:30:56,6,False,16,16.5,True,34.5011,70.3906,Nangarhar
230,64180,4.1220301113e+14,20170113,1/13/2017 8:34:39 AM,+2P93uqI8OeRkAO1cjPnxw==,201701,2017-01-13 08:34:39,4,True,8,8.56666666667,True,34.4407,70.398,Nangarhar
232,64478,4.1220301113e+14,20170111,1/11/2017 6:30:28 PM,+2P93uqI8OeRkAO1cjPnxw==,201701,2017-01-11 18:30:28,2,False,18,18.5,True,34.4407,70.398,Nangarhar
234,64944,4.1220301113e+14,20170113,1/13/2017 5:52:31 PM,+2P93uqI8OeRkAO1cjPnxw==,201701,2017-01-13 17:52:31,4,True,17,17.8666666667,True,34.4407,70.398,Nangarhar
236,65193,4.1220301113e+14,20170107,1/7/2017 6:06:54 PM,+2P93uqI8OeRkAO1cjPnxw==,201701,2017-01-07 18:06:54,5,False,18,18.1,True,34.4407,70.398,Nangarhar
237,65668,4.1220301113e+14,20170101,1/1/2017 7:02:23 PM,+2P93uqI8OeRkAO1cjPnxw==,201701,2017-01-01 19:02:23,6,False,19,19.0333333333,True,34.4407,70.398,Nangarhar
239,66155,4.1220301113e+14,20170109,1/9/2017 7:29:22 AM,+2P93uqI8OeRkAO1cjPnxw==,201701,2017-01-09 07:29:22,0,False,7,7.48333333333,True,34.4407,70.398,Nangarhar
240,66306,4.1220301113e+14,20170111,1/11/2017 6:04:21 PM,+2P93uqI8OeRkAO1cjPnxw==,201701,2017-01-11 18:04:21,2,False,18,18.0666666667,True,34.4407,70.398,Nangarhar
241,66320,4.1220301113e+14,20170111,1/11/2017 6:05:09 PM,+2P93uqI8OeRkAO1cjPnxw==,201701,2017-01-11 18:05:09,2,False,18,18.0833333333,True,34.4407,70.398,Nangarhar
242,66414,4.1220301113e+14,20170122,1/22/2017 8:54:11 PM,+2P93uqI8OeRkAO1cjPnxw==,201701,2017-01-22 20:54:11,6,False,20,20.9,True,34.4407,70.398,Nangarhar
243,66627,4.12203011131e+14,20170102,1/2/2017 2:44:40 PM,+2P93uqI8OeRkAO1cjPnxw==,201701,2017-01-02 14:44:40,0,False,14,14.7333333333,False,34.4309,70.4518,Nangarhar
244,66759,4.12203011131e+14,20170102,1/2/2017 11:44:26 AM,+2P93uqI8OeRkAO1cjPnxw==,201701,2017-01-02 11:44:26,0,False,11,11.7333333333,False,34.416778,70.470556,Nangarhar
245,66829,4.1220301113e+14,20170117,1/17/2017 9:14:48 AM,+2P93uqI8OeRkAO1cjPnxw==,201701,2017-01-17 09:14:48,1,False,9,9.23333333333,False,34.4407,70.398,Nangarhar
246,66857,4.1220301113e+14,20170113,1/13/2017 7:32:28 PM,+2P93uqI8OeRkAO1cjPnxw==,201701,2017-01-13 19:32:28,4,True,19,19.5333333333,True,34.4064,70.4601,Nangarhar
248,67278,4.1220301113e+14,20170107,1/7/2017 7:09:37 AM,+2P93uqI8OeRkAO1cjPnxw==,201701,2017-01-07 07:09:37,5,False,7,7.15,True,34.4407,70.398,Nangarhar
249,67297,4.1220301113e+14,20170112,1/12/2017 8:29:29 PM,+2P93uqI8OeRkAO1cjPnxw==,201701,2017-01-12 20:29:29,3,False,20,20.4833333333,True,34.4407,70.398,Nangarhar
252,68391,4.12203011463e+14,20170107,1/7/2017 9:01:30 AM,+2P93uqI8OeRkAO1cjPnxw==,201701,2017-01-07 09:01:30,5,False,9,9.01666666667,False,34.5011,70.3906,Nangarhar
254,68800,4.12203011131e+14,20170112,1/12/2017 2:09:12 PM,+2P93uqI8OeRkAO1cjPnxw==,201701,2017-01-12 14:09:12,3,False,14,14.15,False,34.4301,70.4428,Nangarhar
255,68844,4.1220301113e+14,20170112,1/12/2017 1:53:27 PM,+2P93uqI8OeRkAO1cjPnxw==,201701,2017-01-12 13:53:27,3,False,13,13.8833333333,False,34.4341,70.4336,Nangarhar
256,68995,4.1220301113e+14,20170111,1/11/2017 8:48:33 AM,+2P93uqI8OeRkAO1cjPnxw==,201701,2017-01-11 08:48:33,2,False,8,8.8,False,34.4407,70.398,Nangarhar
257,68998,4.1220301113e+14,20170114,1/14/2017 6:48:03 PM,+2P93uqI8OeRkAO1cjPnxw==,201701,2017-01-14 18:48:03,5,False,18,18.8,True,34.4202,70.4383,Nangarhar
259,69135,4.1220301113e+14,20170115,1/15/2017 4:23:30 PM,+2P93uqI8OeRkAO1cjPnxw==,201701,2017-01-15 16:23:30,6,False,16,16.3833333333,True,34.4407,70.398,Nangarhar
261,69770,4.1220301113e+14,20170108,1/8/2017 12:45:25 PM,+2P93uqI8OeRkAO1cjPnxw==,201701,2017-01-08 12:45:25,6,False,12,12.75,False,34.4326,70.4584,Nangarhar
262,69860,4.1220301113e+14,20170114,1/14/2017 6:19:54 PM,+2P93uqI8OeRkAO1cjPnxw==,201701,2017-01-14 18:19:54,5,False,18,18.3166666667,True,34.4407,70.398,Nangarhar
263,69891,4.12203011131e+14,20170114,1/14/2017 2:21:21 PM,+2P93uqI8OeRkAO1cjPnxw==,201701,2017-01-14 14:21:21,5,False,14,14.35,False,34.4309,70.4518,Nangarhar
264,70609,4.1220301113e+14,20170115,1/15/2017 5:19:41 PM,+2P93uqI8OeRkAO1cjPnxw==,201701,2017-01-15 17:19:41,6,False,17,17.3166666667,True,34.4407,70.398,Nangarhar
267,70720,4.1220301113e+14,20170109,1/9/2017 3:42:50 PM,+2P93uqI8OeRkAO1cjPnxw==,201701,2017-01-09 15:42:50,0,False,15,15.7,False,34.4407,70.398,Nangarhar
269,70867,4.1220301113e+14,20170118,1/18/2017 1:01:02 PM,+2P93uqI8OeRkAO1cjPnxw==,201701,2017-01-18 13:01:02,2,False,13,13.0166666667,False,34.4407,70.398,Nangarhar
270,70908,4.12203011463e+14,20170114,1/14/2017 8:13:31 AM,+2P93uqI8OeRkAO1cjPnxw==,201701,2017-01-14 08:13:31,5,False,8,8.21666666667,False,34.5011,70.3906,Nangarhar
272,71148,4.1220301113e+14,20170119,1/19/2017 4:14:43 PM,+2P93uqI8OeRkAO1cjPnxw==,201701,2017-01-19 16:14:43,3,False,16,16.2333333333,True,34.4407,70.398,Nangarhar
274,71170,4.1220301113e+14,20170118,1/18/2017 6:27:16 PM,+2P93uqI8OeRkAO1cjPnxw==,201701,2017-01-18 18:27:16,2,False,18,18.45,True,34.4407,70.398,Nangarhar
275,71192,4.1220301113e+14,20170118,1/18/2017 8:04:01 PM,+2P93uqI8OeRkAO1cjPnxw==,201701,2017-01-18 20:04:01,2,False,20,20.0666666667,True,34.4407,70.398,Nangarhar
276,71203,4.1220301113e+14,20170118,1/18/2017 6:18:40 PM,+2P93uqI8OeRkAO1cjPnxw==,201701,2017-01-18 18:18:40,2,False,18,18.3,True,34.4407,70.398,Nangarhar
277,71349,4.1220301113e+14,20170108,1/8/2017 5:29:27 PM,+2P93uqI8OeRkAO1cjPnxw==,201701,2017-01-08 17:29:27,6,False,17,17.4833333333,True,34.4407,70.398,Nangarhar
278,71401,4.1220301113e+14,20170108,1/8/2017 6:28:16 PM,+2P93uqI8OeRkAO1cjPnxw==,201701,2017-01-08 18:28:16,6,False,18,18.4666666667,True,34.4407,70.398,Nangarhar
279,71541,4.1220301113e+14,20170111,1/11/2017 7:44:35 AM,+2P93uqI8OeRkAO1cjPnxw==,201701,2017-01-11 07:44:35,2,False,7,7.73333333333,True,34.4407,70.398,Nangarhar
281,71590,4.12203011463e+14,20170111,1/11/2017 8:37:41 AM,+2P93uqI8OeRkAO1cjPnxw==,201701,2017-01-11 08:37:41,2,False,8,8.61666666667,False,34.5011,70.3906,Nangarhar
283,71761,4.1220301113e+14,20170113,1/13/2017 8:55:01 PM,+2P93uqI8OeRkAO1cjPnxw==,201701,2017-01-13 20:55:01,4,True,20,20.9166666667,True,34.4064,70.4601,Nangarhar
284,71765,4.12203011463e+14,20170114,1/14/2017 6:02:09 PM,+2P93uqI8OeRkAO1cjPnxw==,201701,2017-01-14 18:02:09,5,False,18,18.0333333333,True,34.5011,70.3906,Nangarhar
285,72105,4.1220301113e+14,20170105,1/5/2017 6:28:05 PM,+2P93uqI8OeRkAO1cjPnxw==,201701,2017-01-05 18:28:05,3,False,18,18.4666666667,True,34.4407,70.398,Nangarhar
286,73000,4.12203011463e+14,20170116,1/16/2017 6:58:10 AM,+2P93uqI8OeRkAO1cjPnxw==,201701,2017-01-16 06:58:10,0,False,6,6.96666666667,True,34.5011,70.3906,Nangarhar
288,73098,4.12203011131e+14,20170109,1/9/2017 5:36:56 PM,+2P93uqI8OeRkAO1cjPnxw==,201701,2017-01-09 17:36:56,0,False,17,17.6,True,34.4265,70.4613,Nangarhar
289,73747,4.12203011463e+14,20170113,1/13/2017 7:05:42 PM,+2P93uqI8OeRkAO1cjPnxw==,201701,2017-01-13 19:05:42,4,True,19,19.0833333333,True,34.5011,70.3906,Nangarhar
291,74220,4.1220301113e+14,20170110,1/10/2017 8:53:57 AM,+2P93uqI8OeRkAO1cjPnxw==,201701,2017-01-10 08:53:57,1,False,8,8.88333333333,False,34.4407,70.398,Nangarhar
292,74312,4.1220301113e+14,20170115,1/15/2017 5:39:21 PM,+2P93uqI8OeRkAO1cjPnxw==,201701,2017-01-15 17:39:21,6,False,17,17.65,True,34.4202,70.4383,Nangarhar
293,74610,4.12203011131e+14,20170114,1/14/2017 1:22:25 PM,+2P93uqI8OeRkAO1cjPnxw==,201701,2017-01-14 13:22:25,5,False,13,13.3666666667,False,34.416778,70.470556,Nangarhar
295,75343,4.12203011131e+14,20170109,1/9/2017 4:54:58 PM,+2P93uqI8OeRkAO1cjPnxw==,201701,2017-01-09 16:54:58,0,False,16,16.9,True,34.4265,70.4613,Nangarhar
296,75671,4.1220301113e+14,20170109,1/9/2017 6:31:36 PM,+2P93uqI8OeRkAO1cjPnxw==,201701,2017-01-09 18:31:36,0,False,18,18.5166666667,True,34.3962,70.4875,Nangarhar
300,78102,4.12203011463e+14,20170111,1/11/2017 7:46:18 AM,+2P93uqI8OeRkAO1cjPnxw==,201701,2017-01-11 07:46:18,2,False,7,7.76666666667,True,34.5011,70.3906,Nangarhar
301,78215,4.1220301113e+14,20170109,1/9/2017 7:07:37 AM,+2P93uqI8OeRkAO1cjPnxw==,201701,2017-01-09 07:07:37,0,False,7,7.11666666667,True,34.4407,70.398,Nangarhar
303,78254,4.1220301113e+14,20170109,1/9/2017 8:36:51 PM,+2P93uqI8OeRkAO1cjPnxw==,201701,2017-01-09 20:36:51,0,False,20,20.6,True,34.3962,70.4875,Nangarhar
305,78317,4.1220301113e+14,20170114,1/14/2017 8:03:07 AM,+2P93uqI8OeRkAO1cjPnxw==,201701,2017-01-14 08:03:07,5,False,8,8.05,False,34.4245,70.4245,Nangarhar
306,78348,4.12203011131e+14,20170114,1/14/2017 7:10:08 PM,+2P93uqI8OeRkAO1cjPnxw==,201701,2017-01-14 19:10:08,5,False,19,19.1666666667,True,34.4309,70.4518,Nangarhar
307,78544,4.1220301113e+14,20170114,1/14/2017 7:43:43 PM,+2P93uqI8OeRkAO1cjPnxw==,201701,2017-01-14 19:43:43,5,False,19,19.7166666667,True,34.4326,70.4584,Nangarhar
308,78564,4.1220301113e+14,20170115,1/15/2017 4:21:35 PM,+2P93uqI8OeRkAO1cjPnxw==,201701,2017-01-15 16:21:35,6,False,16,16.35,True,34.4407,70.398,Nangarhar
310,80761,4.12203011463e+14,20170101,1/1/2017 7:47:57 AM,+2P93uqI8OeRkAO1cjPnxw==,201701,2017-01-01 07:47:57,6,False,7,7.78333333333,True,34.5011,70.3906,Nangarhar
311,80801,4.1220301113e+14,20170113,1/13/2017 6:22:50 PM,+2P93uqI8OeRkAO1cjPnxw==,201701,2017-01-13 18:22:50,4,True,18,18.3666666667,True,34.4407,70.398,Nangarhar
313,80959,4.1220301113e+14,20170108,1/8/2017 1:04:57 PM,+2P93uqI8OeRkAO1cjPnxw==,201701,2017-01-08 13:04:57,6,False,13,13.0666666667,False,34.4326,70.4584,Nangarhar
314,81730,4.1220301113e+14,20170114,1/14/2017 6:14:01 PM,+2P93uqI8OeRkAO1cjPnxw==,201701,2017-01-14 18:14:01,5,False,18,18.2333333333,True,34.4407,70.398,Nangarhar
316,82351,4.1220301113e+14,20170113,1/13/2017 8:08:45 AM,+2P93uqI8OeRkAO1cjPnxw==,201701,2017-01-13 08:08:45,4,True,8,8.13333333333,True,34.4407,70.398,Nangarhar
318,83006,4.1220301113e+14,20170115,1/15/2017 8:20:24 AM,+2P93uqI8OeRkAO1cjPnxw==,201701,2017-01-15 08:20:24,6,False,8,8.33333333333,False,34.4245,70.4245,Nangarhar
320,84078,4.12203011463e+14,20170117,1/17/2017 8:50:50 AM,+2P93uqI8OeRkAO1cjPnxw==,201701,2017-01-17 08:50:50,1,False,8,8.83333333333,False,34.5011,70.3906,Nangarhar
321,85717,4.1220301113e+14,20160911,9/11/2016 5:37:51 PM,+2P93uqI8OeRkAO1cjPnxw==,201609,2016-09-11 17:37:51,6,False,17,17.6166666667,True,34.4245,70.4245,Nangarhar
322,89566,4.1220301113e+14,20160905,9/5/2016 1:27:34 PM,+2P93uqI8OeRkAO1cjPnxw==,201609,2016-09-05 13:27:34,0,False,13,13.45,False,34.4202,70.4383,Nangarhar
323,95864,4.12203011231e+14,20160926,9/26/2016 7:15:19 PM,+2P93uqI8OeRkAO1cjPnxw==,201609,2016-09-26 19:15:19,0,False,19,19.25,True,34.4526,70.5136,Nangarhar
324,95866,4.12203011231e+14,20160926,9/26/2016 7:10:08 PM,+2P93uqI8OeRkAO1cjPnxw==,201609,2016-09-26 19:10:08,0,False,19,19.1666666667,True,34.4526,70.5136,Nangarhar
325,108818,4.1220301113e+14,20160903,9/3/2016 9:50:30 AM,+2P93uqI8OeRkAO1cjPnxw==,201609,2016-09-03 09:50:30,5,False,9,9.83333333333,False,34.4245,70.4245,Nangarhar
326,109648,4.1220301113e+14,20160903,9/3/2016 9:48:42 AM,+2P93uqI8OeRkAO1cjPnxw==,201609,2016-09-03 09:48:42,5,False,9,9.8,False,34.4245,70.4245,Nangarhar
327,111004,4.12203011131e+14,20160911,9/11/2016 5:13:36 PM,+2P93uqI8OeRkAO1cjPnxw==,201609,2016-09-11 17:13:36,6,False,17,17.2166666667,True,34.4301,70.4428,Nangarhar
328,116720,4.12203011463e+14,20160911,9/11/2016 2:57:52 PM,+2P93uqI8OeRkAO1cjPnxw==,201609,2016-09-11 14:57:52,6,False,14,14.95,False,34.5011,70.3906,Nangarhar
329,117548,4.1220301113e+14,20160903,9/3/2016 9:19:37 AM,+2P93uqI8OeRkAO1cjPnxw==,201609,2016-09-03 09:19:37,5,False,9,9.31666666667,False,34.4407,70.398,Nangarhar
330,128605,4.1220301113e+14,20170201,2/1/2017 7:38:57 PM,+2P93uqI8OeRkAO1cjPnxw==,201702,2017-02-01 19:38:57,2,False,19,19.6333333333,True,34.4407,70.398,Nangarhar
331,135286,4.1220301113e+14,20170220,2/20/2017 6:55:10 PM,+2P93uqI8OeRkAO1cjPnxw==,201702,2017-02-20 18:55:10,0,False,18,18.9166666667,True,34.4407,70.398,Nangarhar
332,135300,4.1220301113e+14,20170220,2/20/2017 6:56:39 PM,+2P93uqI8OeRkAO1cjPnxw==,201702,2017-02-20 18:56:39,0,False,18,18.9333333333,True,34.4407,70.398,Nangarhar
333,137077,4.1220301113e+14,20170220,2/20/2017 9:41:29 AM,+2P93uqI8OeRkAO1cjPnxw==,201702,2017-02-20 09:41:29,0,False,9,9.68333333333,False,34.4202,70.4383,Nangarhar
334,138615,4.1220301113e+14,20170226,2/26/2017 6:53:44 AM,+2P93uqI8OeRkAO1cjPnxw==,201702,2017-02-26 06:53:44,6,False,6,6.88333333333,True,34.4407,70.398,Nangarhar
335,147628,4.1220301113e+14,20161111,11/11/2016 12:06:32 PM,+2P93uqI8OeRkAO1cjPnxw==,201611,2016-11-11 12:06:32,4,True,12,12.1,True,34.4245,70.4245,Nangarhar
336,149056,4.1220301113e+14,20161110,11/10/2016 2:45:52 PM,+2P93uqI8OeRkAO1cjPnxw==,201611,2016-11-10 14:45:52,3,False,14,14.75,False,34.4407,70.398,Nangarhar
337,150483,4.1220301113e+14,20161110,11/10/2016 9:42:22 AM,+2P93uqI8OeRkAO1cjPnxw==,201611,2016-11-10 09:42:22,3,False,9,9.7,False,34.4202,70.4383,Nangarhar
338,152353,4.1220301113e+14,20161115,11/15/2016 2:23:07 PM,+2P93uqI8OeRkAO1cjPnxw==,201611,2016-11-15 14:23:07,1,False,14,14.3833333333,False,34.4202,70.4383,Nangarhar
339,153707,4.1220301113e+14,20161110,11/10/2016 9:37:43 AM,+2P93uqI8OeRkAO1cjPnxw==,201611,2016-11-10 09:37:43,3,False,9,9.61666666667,False,34.4202,70.4383,Nangarhar
340,154409,4.1220301113e+14,20161110,11/10/2016 9:26:56 AM,+2P93uqI8OeRkAO1cjPnxw==,201611,2016-11-10 09:26:56,3,False,9,9.43333333333,False,34.4202,70.4383,Nangarhar
341,161288,4.12203011463e+14,20161114,11/14/2016 4:31:34 PM,+2P93uqI8OeRkAO1cjPnxw==,201611,2016-11-14 16:31:34,0,False,16,16.5166666667,True,34.5011,70.3906,Nangarhar
342,162574,4.1220301113e+14,20161110,11/10/2016 9:39:48 AM,+2P93uqI8OeRkAO1cjPnxw==,201611,2016-11-10 09:39:48,3,False,9,9.65,False,34.4202,70.4383,Nangarhar
343,177358,4.1220301113e+14,20161005,10/5/2016 6:59:21 AM,+2P93uqI8OeRkAO1cjPnxw==,201610,2016-10-05 06:59:21,2,False,6,6.98333333333,True,34.4407,70.398,Nangarhar
